content,score,date
행사가격에 저렴하게 잘 샀어요!!,5,2025.1.23
"항상 주문합니다 
잘 먹있어요",5,2025.1.23
,5,2025.1.23
좋아요 좋아요 좋아요!,5,2025.1.23
"라면은 신라면이죠
조금매워요",5,2025.1.23
신라면맛있어요ㅎ 좋아요,4,2025.1.23
이것저것 먹다가도 신라면이 생각나요,5,2025.1.23
맛있게 잘 먹었습니다,5,2025.1.23
만족합니다좋아요좋아요,5,2025.1.23
방학이라 미리미리 구매해봅니다,5,2025.1.23
ㅊㅅㄱㄴㆍㅌㅊㄴㄱㄹㅌㅊㄹ,5,2025.1.23
늘 믿고 구매합니다.,5,2025.1.23
배송 빠르고 좋아요,5,2025.1.23
배송 빠르고 만족하며 이용합니다,5,2025.1.23
"매번 구입하는 제품이라 배송도 착하고, 맛있고 좋습니다. 감사합니다.",5,2025.1.23
저는 한국인이라서 한국인에겐 신라면만 한 게 없네요.,5,2025.1.23
신라면 끓여먹으면맛있어요,5,2025.1.23
행사하길래 구매했어요. 가격이 저렴해 좋네요.,5,2025.1.23
좋아요 추천합니다,5,2025.1.23
신라면 딱 입맛에 맞아요~ 행사가로 구매해서 좋아요,5,2025.1.23
,5,2025.1.23
조아요 조아요 조아요 조아요,5,2025.1.23
만족합니다 .,4,2025.1.23
농심 신라면 120G*5입 좋아요,5,2025.1.23
감사합니다 잘 받았습니다,5,2025.1.23
늘먹던거라 주문했어요,5,2025.1.23
,5,2025.1.23
잘받았습니다 감사합니다,5,2025.1.23
항상 구매하는 물품입니다,5,2025.1.23
라면은 역시 신라면!!,5,2025.1.23
,5,2025.1.23
항상사는 라면 쟁여두고 먹고있어요~~~,5,2025.1.23
좋아요 좋아요 좋아요,5,2025.1.23
라면중에 최고인거 같아요.매운 라면은 이제품만 구입합니다.,5,2025.1.23
맛나게 잘 먹겠습니다~~~,5,2025.1.23
"얼큰한게 생각날땐 신라연이 좋아요.
파송송 계란탁.~~~",5,2025.1.23
"맛있어요 
행사해서 좋네요",5,2025.1.23
맛있게 먹었습니다...,5,2025.1.23
,5,2025.1.23
"싸게 잘 샀어요
배송 편해서 좋아요",5,2025.1.23
너무 맛있게 먹었어요,5,2025.1.23
,5,2025.1.23
,5,2025.1.23
좋아여 좋아여 ㅎㅎ,5,2025.1.23
라면중 제일 맛있네요~~,5,2025.1.23
친절한배송 감사합니다,5,2025.1.23
3개 구매하면 할인해줘서 샀습니다,5,2025.1.23
항상 먹는거에요 맛있고 저렴해서 자주이용해요,5,2025.1.22
늘 맛있게 먹는 신라면,5,2025.1.22
,5,2025.1.22
한국인이 가장 좋아하는 신라면,4,2025.1.22
신라면은 말해 뭐해요,4,2025.1.22
,5,2025.1.22
,5,2025.1.22
,5,2025.1.22
할인된 가격으로 정말 싸게 잘산거 같아요,5,2025.1.22
,5,2025.1.22
"배송, 포장, 제품의 질 모두 만족.",5,2025.1.22
"오랜안에 먹으니 너무 맛이 달라진 것 같아요
맛잏네요",4,2025.1.22
맛있어요~~~~~^^,5,2025.1.22
신라면 맛이 좋아요,5,2025.1.22
계속사는데 맨날없어지는 신라면,5,2025.1.22
꼼꼼한 포장으로 잘 받았습니다,5,2025.1.22
친구대신 주문해줬는데 만족한다네요. 또 주문할게요.,5,2025.1.22
라면은 역시 신라면 ㅋ,4,2025.1.22
신라면 세개 구입 합니다,5,2025.1.22
역시 홈플 배달은 편하고 넘 좋아요,5,2025.1.22
편하게 주문하고 받아서 좋아요,5,2025.1.22
단골메뉴~~야식으로식사대용으로이것만한것이없죠~~,5,2025.1.22
언제나 맛나게 잘 먹구있습니다~,5,2025.1.22
잘 받았습니다. 맛있게 먹고 있어요,5,2025.1.22
신라면은 김밥과 함께 먹어야 합니다.,5,2025.1.22
라면에 순두부를 콩나물 파등등요리하다가됍니다,5,2025.1.22
항상 사먹어요~저렴히 잘 샀어요,5,2025.1.22
,5,2025.1.22
잘받았습니다 잘먹겠습니다,4,2025.1.22
홈플러스배송 편해요,5,2025.1.22
행사로 저렴하게 주문했어요.,5,2025.1.22
잘받았습니다. 맛있어요...,5,2025.1.22
배송 잘 받았습니다.,5,2025.1.22
우리집 입맛엔 신라면,5,2025.1.22
국민 라면 늘 삽니다,5,2025.1.22
,5,2025.1.22
신라면 맛있음 잘팔리는 이유가,5,2025.1.22
,5,2025.1.22
최애라면 맛있어요 저렴하게 잘 구매했어요,5,2025.1.22
출출할때 간편하게 한끼 해결하기 좋아 자주 구매해 먹고 있어요. 국물이 얼큰하고 시원해요.,5,2025.1.22
라면중에는 이 제품이 제일 맛 있더라구요,5,2025.1.22
행사해서 싸게샀어요,5,2025.1.22
라면은 신라면.맛있어요,5,2025.1.22
한국인은 신라면이죠,5,2025.1.22
착한 가격에 감사 드립니다.,5,2025.1.22
착한 가격에 감사 드립니다.,5,2025.1.22
착한 가격에 감사 드립니다.,5,2025.1.22
착한 가격에 감사 드립니다.,5,2025.1.22
,3,2025.1.22
함께 할인으로 저렴하게 구매했습니다..,3,2025.1.22
,3,2025.1.22
가겨이 조금 더 인하되었으면 좋겠습니다,2,2025.1.22
,3,2025.1.22
신라면이 젤 좋아요,5,2025.1.22
신라면 라면중에 젤 기본,5,2025.1.22
상품도 배송도 홈플러스는 늘 매우 만족합니다.,5,2025.1.22
좋아요 좋아요 좋아요,5,2025.1.22
,5,2025.1.22
,5,2025.1.22
아이들이좋아하는라면쟁겨두기,5,2025.1.22
맛있고 활용도가 높아요.,5,2025.1.22
맛있어요 맛있어요 맛있어요,5,2025.1.22
맛은 말해 뭐해요. 자극적인맛 좋아하는 사춘기 애들 덕분에 항상 쟁여둡니다.,5,2025.1.22
배송두 생각보다 빠르구 포장두 좋아요,5,2025.1.22
매번 구매하고 있어요~,5,2025.1.22
라면 할인할때 샀어요 묶음,5,2025.1.22
신라면 이번 세일 대박이네요~^^,5,2025.1.22
,4,2025.1.22
행사로 저렴하게 구입하니 좋네요,5,2025.1.22
"품질도좋고
가성비좋아요",5,2025.1.22
쟁여탬 중에 하나예요~ 떨어지면 불안한~,5,2025.1.22
항상 친절한 배송 감사합니다,5,2025.1.22
"늘먹는 라면 
쟁여두고 먹어요",5,2025.1.22
좋아요 좋아요 좋아요,5,2025.1.22
쫄깃한 면발의 신.라멸이 최고예요.,5,2025.1.22
농 심 신 라 면,5,2025.1.22
라면 맛의 기본! 기준!,5,2025.1.22
저렴하게 잘 샀습니다 감사합니다,5,2025.1.22
빠른배송 감사합니다,5,2025.1.22
신라면은 언제나 맛있어요,5,2025.1.22
,5,2025.1.22
행사해서 저렴하게 구매했어요,5,2025.1.22
얼큰하고 깔끔해서 좋아요,5,2025.1.22
자주 애용하는 상품입니다,5,2025.1.22
가격대비 만족합니다,5,2025.1.22
한국라면 원탑입니다 존맛탱,5,2025.1.21
맛있게 잘먹었습니다,5,2025.1.21
배송기사님 감사합니다,5,2025.1.21
라면은 역시! 말해뭐할까요~,5,2025.1.21
라면은 역시 신라면,5,2025.1.21
신라면은 역시 맛있어요,5,2025.1.21
Remember that,5,2025.1.21
할인해서 저렴하게 구매,5,2025.1.21
맛있어요 좋아요 좋아요,5,2025.1.21
맛있어요. 항상 애용합니다,5,2025.1.21
,5,2025.1.21
,5,2025.1.21
잘받았어요 잘받았어요,4,2025.1.21
추천합니다 추천합니다,4,2025.1.21
홈플러스로 장 다봅니다.,5,2025.1.21
늘 주문하여 두고 먹는 식품입니다.,5,2025.1.21
라면행사는 계속 해주세요,5,2025.1.21
3봉에9900원 저렴하게 잘구매했습니자,5,2025.1.21
맛있는 신라면 한 번씩 땡겨요,5,2025.1.21
"평소에는 잘 먹지 않는 라면이지만,
밥맛이 없을 때나 입맛이 떨어질 때는
꼭 얼큰한 신라면을 끓여서 먹으면 순간적으로
입맛이 확 살아나는 묘한 느낌에 늘 수납장에 비치해 두는 유일한 식재료 중 한가지 입니다.
언제 먹어도 변하지 않는 신라면의 그 맛은 모든 사람들의 애정템이 아닐까 합니다.
good",5,2025.1.21
신라면 맛있는 건 전 국민이 다 알테고.. 소비기한도 넉넉한 제품이 와서 만족합니다~ ^^,5,2025.1.21
늘 배송시간 정확하고 감사합니다,5,2025.1.21
생각보다 빠르고 포장도 굿입니다 신라면굿,5,2025.1.21
,5,2025.1.21
감사합니다. 만족합니다,5,2025.1.21
좋은 제품을 좋은 가격에 살 수 있었습니다,5,2025.1.21
늘 맛있게 잘 먹고있는 상품.제품 입니다,5,2025.1.21
매콤하니 맛있습니다,5,2025.1.21
쟁여두는 제품 입니다,5,2025.1.21
신라면은 필수품목이죠 펜트리,5,2025.1.21
재구매한 상품입니다,5,2025.1.21
,5,2025.1.21
맛있어요 감사합니다,5,2025.1.21
조아요..굿입니다..,5,2025.1.21
저렴하게 잘 구매했어요,5,2025.1.21
잘 받았습니다 좋습니다,5,2025.1.21
매운맛이생각날때 맛잇어요,4,2025.1.21
농심 신라면 면발 꼬들꼬들하고 맛있네요,5,2025.1.21
,5,2025.1.21
매콤하고 시원하니 좋아요,5,2025.1.21
역시 라면은 농심 신라면입니다,5,2025.1.21
농심 신라면 매콤 맛있어요,5,2025.1.21
가족 모두 좋아하는 신라면 이예요. 맛있습니다^^,5,2025.1.21
울 아들 최애 라면~~!!,5,2025.1.21
홈플러스 신선해서 자주 이용하게 돼요,5,2025.1.21
,5,2025.1.21
행사가격저렴하고맛도좋아요,5,2025.1.21
역시 신라면을 찾게 되네요.,5,2025.1.21
시ㄷ나면이젤밋ㆍ이 ㄴㄴㅈㄴㄴㄴㅇ,5,2025.1.21
좋아요!! 좋아요^^,5,2025.1.21
오랜만에 먹이니 맛있네요,3,2025.1.21
항상 구매하는 제품입니다.,5,2025.1.21
너무 맛있어서 자주 구매합니다,5,2025.1.21
신라면은 언제나 먹어도 맛있죱,5,2025.1.21
배송 상품 잘 받았습니다,5,2025.1.21
라면행사해서 구매했어요,5,2025.1.21
라면중에 제일맛있어요 좋아요,5,2025.1.21
잘 먹을게요 잘 먹을게요,5,2025.1.21
,4,2025.1.21
"직장맘이라 배송시간 저녁 6시~9시 지정했는데 12시 30분 배송되었고 집에 사람 있었는데 벨도 누르지 않았습니다
1시간 뒤 아들이 학원가면서 나와보니 물건도착 부랴부랴 넣었습니다
이때까지 만족했는데 이번 배송은 어이없네요
냉동 잔뜩 샀는데
귀찮아 홥불 안하지만 기분안좋네요
이런 배송은 처음이네요",1,2025.1.21
할인해서 잘 샀습니다,5,2025.1.21
행사가격으로 구매해서 좋아요,5,2025.1.21
맵지만 깔끔 개운함,5,2025.1.21
착한 가격에 감사 드립니다.,5,2025.1.21
착한 가격에 감사 드립니다.,5,2025.1.21
착한 가격에 감사 드립니다.,5,2025.1.21
,5,2025.1.21
"늘 쟁여놓고 먹는라면
입니다",5,2025.1.21
심라면 싸게 잘 산거 같아요,5,2025.1.21
우리집의 최애라면입니다.칼칼하고 시원하고...,5,2025.1.21
맛있게 잘 먹었습니다 :),5,2025.1.21
,5,2025.1.21
온라인으로 구매하면 가격도 저렴하고 배달도되고 좋아요,5,2025.1.21
매콤해서 더 맛있어요.,5,2025.1.20
"마트장은 언제나 홈플러스입니다
품질 상품 배송 뭐하나 빠지지않아요
항상 만족합니다 감사해요",5,2025.1.20
할인으로 저렴하게 구입할 수 있어 좋아요,4,2025.1.20
자주 구매하는 상품입니다,5,2025.1.20
매운라면 신라면 구매,5,2025.1.20
잘이용하겠습니다. 상품도 하자없이 잘왔네요,5,2025.1.20
자주 구매하는 상품입니다,5,2025.1.20
오랜만에 신라면을 주문했어요,4,2025.1.20
잘 받았습니다...,4,2025.1.20
유통기한에 짧아려ㅑㅠㅠㅜㅜㅡㅡㅡㅡ,1,2025.1.20
좋네요. 잘 먹을께요.,5,2025.1.20
국민라면이죠. 먹어도 먹어도 안질려요,5,2025.1.20
항상 쟁겨둬야.든든합니다,5,2025.1.20
맛있어요 늘만족하는 상품입니다,5,2025.1.20
굿. . . . .,5,2025.1.20
행사가로 구입합니다^^,5,2025.1.20
,5,2025.1.20
언제나 신라면이 짱입니다,5,2025.1.20
맛있어요 맛있어요 맛있어요,5,2025.1.20
이것만시켜먹어여 맛잇,5,2025.1.20
배송 빠르고 맛있어요,5,2025.1.20
좋아요........,4,2025.1.20
,5,2025.1.20
신라면은 언제나 좋지요,5,2025.1.20
감사합니다 잘먹겠습니다 감사합니다 잘먹겠습니다 감사합니다,5,2025.1.20
동네마트보다 싸고 면 부서진것도 없이 배송 잘받았어요~,5,2025.1.20
늘 먹는 라면인데 다른 재료 넣고 먹어도 다 어울리고 맛있어요,5,2025.1.20
넘 맛있게 잘 먹었어요,5,2025.1.20
행사가격에 구매 만족합니다.,5,2025.1.20
누구나 좋아하는 푸라면,5,2025.1.20
너무너무 만족합니다!!!,5,2025.1.20
맛있게 맵고 맛있어요.,5,2025.1.20
행사가 가격으로 여러개 주문합니다. 애들이 방학동안 엄청 뿌셔 먹네요. 소비기한 7월15일로 넉넉합니다,5,2025.1.20
라면은 역시 신라면 이에요,5,2025.1.20
좋아요 좋아요 좋아요 좋아요 좋아요,5,2025.1.20
,5,2025.1.20
집에 늘 쟁여놓고 먹어요~,4,2025.1.20
아주 많이 좋아요,5,2025.1.20
행사해서 좋아요 ㅎㅎ,5,2025.1.20
잘받았습니다 감사합니다,5,2025.1.20
라면은 역시 신라면~~~~,5,2025.1.20
맛있어요.행사 때 구매했어요.좋습니다.,5,2025.1.20
세일해서 샀는데 맛있게 먹었어요,5,2025.1.20
생라면은 신라면이 제일 맛있어요 ㅎㅎ,5,2025.1.20
행사할때마다 잘 구매하고 있어요,5,2025.1.20
좋아요 좋아요 좋아요,5,2025.1.20
신라면 오랜만에 먹으니 더 맛있네요,5,2025.1.20
,5,2025.1.20
라면값도 비싼 요즘 물가에 완전 저렴하게 구매햇어요 홈플 물가안정이 정말 조아요,5,2025.1.20
감사합니다 도착했습니다,5,2025.1.20
항상 주문하는 상품 입니다,5,2025.1.20
좋은상품 저렴하게 구입했네요,5,2025.1.20
맛있어서 늘 구매합니다,5,2025.1.20
"늘 먹는 라면, 묶음 구매로 저렴하게 샀어요. 소비기한 넉넉해요.",5,2025.1.20
빠른배송 감사합니다,5,2025.1.20
너무 매움 예전 맛이랑 좀 다른듯,5,2025.1.20
저희집은 신라면 매니아예요,4,2025.1.20
다른데 보다 가격이 좋아요.매번 재구매해요.,5,2025.1.20
돌고돌아 원조를 찾아요 안 먹어본 사람이 없지않을까 싶은..,5,2025.1.20
한국에서 제일 라면같은 라면,5,2025.1.20
3봉 구입시 할인 이벤트로 저렴히 잘 샀어요,4,2025.1.20
빠른 배송이 아주 좋아요,5,2025.1.20
행사해서 주문했어요,5,2025.1.20
"3개 9900원이면 사야죠
신라면, 칼국수면 혼합3봉지
퇴근길에 픽업 했습니다.",5,2025.1.20
행사해서 저렴하게 구매했어요,5,2025.1.20
남편이 신라면좋아해서 구입했어요ㅎㅎ,5,2025.1.20
,5,2025.1.20
...........,5,2025.1.20
맛있어요추천합니다요,5,2025.1.20
제품도좋고배송도정말좋아요,5,2025.1.20
감사합니다 맛있어요,5,2025.1.20
감사합니다 감사합니다,5,2025.1.20
,5,2025.1.20
"맛잇어요,, 조아요",5,2025.1.20
그럭저럭 먹을만 합니다,3,2025.1.20
라면은 신라면이죠.,5,2025.1.20
상품잘받았어요 감사합니다,4,2025.1.20
매콤한게 생각날땐 농심 신라면~!,5,2025.1.20
,5,2025.1.20
매번 쟁여놓고 먹어요,5,2025.1.20
,5,2025.1.20
가장 많이 먹는 라면입니다,5,2025.1.20
라면은 역시 신라면~,5,2025.1.20
신라면 행사는 무조건 잡아야합니다!,4,2025.1.20
잘받았습니다 감사합니다,5,2025.1.20
전반적으로 좋습니다.,5,2025.1.20
저렴하게 잘 구매했습니다,5,2025.1.20
싸게사서 쟁여서 잘 먹을게요,5,2025.1.20
,5,2025.1.20
만족합니다 잘먹었습니다,5,2025.1.20
저렴하게 잘 구매했어요 !,5,2025.1.20
자주 애용하는 제품입니다,4,2025.1.20
행사해서 저렴하게 잘 샀어요,5,2025.1.20
행사가로 잘 샀어요 잘 먹어요,5,2025.1.20
좋아요 맛있어요 저렴하게행사많이해쥬세요,5,2025.1.20
행사가격에 잘 구입했습니다.,5,2025.1.20
ㅏㅡㄱㄴㄷㅂㅅ자ㅡㄱㄴㅅㅂㄴ,5,2025.1.20
자주 주문하는 제품이에요.,5,2025.1.20
행사하니 가격이 좋아요. 제품도 만족!,5,2025.1.20
좋아요... 신라면 .......,5,2025.1.20
묶음 할인해서 3개나 샀네요,4,2025.1.20
좋아하는 제품입니다.,5,2025.1.20
믿고 구매합니다 기사님 감사합니다,5,2025.1.20
부서진거없이잘도착해서홈플배송기사님께늘감사드려요,5,2025.1.20
겨울에 뜨끈한 라면으로 맛있어요,5,2025.1.20
싸고 배송빠르고 좋아요,5,2025.1.20
한국 라면의 중심이자 기준,5,2025.1.20
가격대비 만족합니다,5,2025.1.20
국물 맛도 좋고 누구나 아는 맛있는 맛입니다.,5,2025.1.20
,5,2025.1.19
K 라면 너무너무 좋아요,5,2025.1.19
,5,2025.1.19
늘 구매하는 제품입니다!! 좋아요!!,5,2025.1.19
,5,2025.1.19
배송감사합니다!!!,5,2025.1.19
맛있어요 맛있어요 ㅎㅎ,5,2025.1.19
신라면 .. 필수라면...,5,2025.1.19
좋아하는 라면도 매번 배송으로 편하게 받아보니 좋아요 맛있게 잘 먹었습니다,5,2025.1.19
세일해서 좋아요 신라면 무난,5,2025.1.19
맛있게 잘 먹었습니다,5,2025.1.19
좋아요 저렴하게 구입했어요.,5,2025.1.19
배송도 빠르고 좋아요 다음에 또,5,2025.1.19
좋아요 저렴하게 구입했어요.,5,2025.1.19
,4,2025.1.19
,4,2025.1.19
"편리하게 배송 받았습니다.
고맙게 잘 먹을께요~^^",5,2025.1.19
배송이 빠르게 왔어요,5,2025.1.19
행사가격으로 저렴하게 구입했습니다,5,2025.1.19
행사가격으로 저렴하게 구입했습니다,5,2025.1.19
저렴하게 잘 샀어요. 감사합니다.,5,2025.1.19
잘 먹겠읍니다...,5,2025.1.19
,5,2025.1.19
저렴하게 잘 구매했습니다,5,2025.1.19
항상주문합니다 좋아요,5,2025.1.19
인터넷 배달 편리해요,5,2025.1.19
언제나 믿고먹는 최고의라면,5,2025.1.19
농심 신라면~~ 맛있어요,5,2025.1.19
라면은 신라면이 제일 맛있는거같아요,5,2025.1.19
신라면 자주 먹어서 구매합니다.,5,2025.1.19
제일 좋아하는 라면입니다,5,2025.1.19
잘 샀어요!^^ 좋아요,5,2025.1.19
"좋아요.
편하게 잘받고 좋아요",5,2025.1.19
,4,2025.1.19
^^~~~~~~~~,5,2025.1.19
항상 먹고 있습니다 잘 먹을게요,5,2025.1.19
잘받았습니다 맛나게 먹을께요~,5,2025.1.19
출출할땐 농심신라면이요,5,2025.1.19
"신라면은 라면중에 기본이죠. 가끔 다른거 먹기도 하는데 
결국 다시 신라면 구입하네요.",5,2025.1.19
,5,2025.1.19
저렴하게 구매했습니다,4,2025.1.19
,5,2025.1.19
가격이 너무 괜찮네요,5,2025.1.19
,5,2025.1.19
,5,2025.1.19
행사가로 저렴하게 샀어요. 출출할 때 간편하게 먹을 수 있어서 좋아요.,5,2025.1.19
맛있게 잘 먹겠어용 감사합니다,5,2025.1.19
,5,2025.1.19
맛있게 잘 먹겠어용 감사합니다,5,2025.1.19
"시간도 지정할수 있고 배송도 꼼꼼하게 와서 좋습니다.
등급별 쿠폰과 수시로 발급되는 쿠폰으로 저렴하게 살수 있어소 좋습니다.",5,2025.1.19
라면가격행사 너무너무 좋아요,5,2025.1.19
맛있어요 감사합니다용,5,2025.1.19
"3개에 9,900원이면 싸쥬?
1일 1라면을 먹는 사람~
누룽지 라면. 떡 라면을 해서 매일 먹네요~",4,2025.1.19
홈플 라면행사할땐 나도 모르게 클릭하는 버릇이...ㅋㅋㅋ,5,2025.1.19
항상 편리하게 이용하고 있습니다. 감사합니다.,4,2025.1.19
"늘이용합니다.
좋은제품 좋은배송 굿이예요",5,2025.1.19
배송 빠르고 신선하게 배송되오 매우 만족합니다. 주말세일이 있어서 더 좋아요^^,5,2025.1.19
신라면 행사가로 싸게 샀어요,5,2025.1.19
저렴하게 구매할려고 3개나 구매했어요. 라면은 언제나 맛있으니깐... 언제나 잘 먹으니까요.,5,2025.1.19
저렴한 가격 홈플 자주 이용합니다,5,2025.1.19
라면의 지존 신라면~,5,2025.1.19
가격이 점점 오르고 할인율도 낮아지고,4,2025.1.19
식구중 신라면을 좋아하는 사람때문에 구매,5,2025.1.19
매운 맛 신라면을 떡라면으로 즐겨요.,5,2025.1.19
"저번에 시켜서 먹었는데 좋아서 또 주문했네요~~
맛나게 억을게요~~~",5,2025.1.19
매콤 칼칼하니 맛있어요~,5,2025.1.19
,5,2025.1.19
신라면 좋아요 ㅎㅎㅎ,5,2025.1.19
라면은 역시 신라면이 제일 맛있어요,5,2025.1.19
맛있어요 맛있어요 맛있어요,5,2025.1.19
부모님이 좋아해서 바로 구매,5,2025.1.19
행사라저렴하게구매 합니다,5,2025.1.19
잘받았어요 만족합니다.,5,2025.1.19
잘받았어요 만족합니다.,5,2025.1.19
항상 담는건데 행사해서 잘산듯해요,5,2025.1.19
매번 구매합니다 만족해요,5,2025.1.18
가격좋고 맛있었읍니다.,5,2025.1.18
라면은 신라면. 뭘 더해도 신라면!!,5,2025.1.18
너무 좋아요 다음에 또 구입할께요,5,2025.1.18
가겨저렴하게 잘 샀어요,5,2025.1.18
항상 있다가 다 먹고 없으면 서운한 라면,5,2025.1.18
배송 꼼꼼하고 좋아요,5,2025.1.18
맛있는 라면 편하게 받았어요,5,2025.1.18
적당한 가격에 굳! 배송 편해요! 만족함돠!,5,2025.1.18
역시 신라면 불변이죠,5,2025.1.18
좋은 제품 잘 받았습니다.,5,2025.1.18
,5,2025.1.18
,5,2025.1.18
저렴하다 했더니 다 물르고 상했어요..,3,2025.1.18
신라면 맛에 길들여져서 그런지 제일 매콤하니 맛있네요.,5,2025.1.18
할인해서 구매했습니다,5,2025.1.18
맛있어요 재구매합니다,5,2025.1.18
맛있어요 재구매합니다,5,2025.1.18
신라면 오랜만에 구입 합니다.''매콤한 라면 당길때 딱이죠,3,2025.1.18
빠른배송.빠른배송.,5,2025.1.18
잘 받았습니다.....,5,2025.1.18
3개에 9900원이라 구입했어요,5,2025.1.18
착한 가격에 감사 드립니다.,5,2025.1.18
항상먹는거라서떨어지지않게쟁여두어요,5,2025.1.18
신라면이 가장 깔끔해요,5,2025.1.18
잘받았습니다 배달기사님,4,2025.1.18
세일해서 저렴하게 구매했어요,5,2025.1.18
"신랑이워낙좋아해서
꾸준히사놓고있습니다.",5,2025.1.18
행사가로 샀습니다.,5,2025.1.18
행사할때 저렴하게 구입했어요.,5,2025.1.18
배송 정확하고 상태 굿,4,2025.1.18
자주 구매하는 상품이예요,5,2025.1.18
,5,2025.1.18
저렴하게 잘 구매했습니다,5,2025.1.18
,5,2025.1.18
자주시키는데 괜찬습니다,4,2025.1.18
홈마이너스 리뷰사진 수정 마일리지 개판?,1,2025.1.18
행사해서 저렴하게 샀어요,5,2025.1.18
"잘받았슴니다 잘 먹을게요
얼큰 시원 맛있어요
한국인의 힘 신라면
최고예여",4,2025.1.18
좋은상품가격배송만족 잘받았습니다 감사합니다,5,2025.1.18
싸게 샀어요. 감사합니다.,5,2025.1.18
,5,2025.1.18
저주 막는 신라면 맛있어용,5,2025.1.18
,5,2025.1.18
자주 이용하는 제품입니다,5,2025.1.18
,5,2025.1.18
상품 가성비 좋아요 만족합니다,5,2025.1.18
할인행사 너무좋아요,5,2025.1.18
"재료가 신선해서 좋았어요
다음에도 또 이용할게요",5,2025.1.18
3개 9000원대 라면 바로 사야겠죠,5,2025.1.18
행사해서 이 가격에 샀다니ㅠㅠ,5,2025.1.18
빠른배송 감사합니다,5,2025.1.18
빠른배송 감사합니다,5,2025.1.18
맛있어요 만족합니다,5,2025.1.18
맛있어요 만족합니다 좋아요,5,2025.1.18
다아는맛~~^^세일할때마다 사요,5,2025.1.18
오랜만에 먹으니 맛있네요,5,2025.1.18
"신선해요
포장상태 좋아요",5,2025.1.18
세일해서 저렴하게 구입했네요~~~~,5,2025.1.18
"좋아요 좋아요 ,",5,2025.1.18
맛있어요 맛있어요 ~,5,2025.1.18
자주 구매하는 상품이에요,5,2025.1.18
맛있어요 맛있어요 ㅎㅎ,5,2025.1.18
좋아요........,5,2025.1.18
편하게 받을 수 있어서 좋습니다,5,2025.1.18
"신라면이 기본라면으로 좋아요 생으로 부셔먹는것도 신라면이 제일맛있음 신라면은 인터넷 행사보다 홈플 3봉 9,900원이 젤 저렴해요",5,2025.1.18
농심 신라면 맛있어요,5,2025.1.18
농심 신라면 맛있어요,5,2025.1.18
맛있아요.. 세일해서 좋은가격 좋아요~~,5,2025.1.18
잘받았습니다 감사합니다,5,2025.1.18
잘 받았습니다 배송해 주셔서 감사합니다 수고하세요,5,2025.1.18
행사시 저렴하게 구매했어요.,3,2025.1.18
신라면 신선하게 배송왔어요,5,2025.1.18
라면3팩 행사 최애라면3,5,2025.1.18
오랜만에 신라면 샀어요,5,2025.1.18
"행사할때 구매했어요
좋아요",4,2025.1.18
묶음상품으로 구매했어요,5,2025.1.18
"맛있어요.
3개 구매시 9,900원이라 3개 구매했어요.",5,2025.1.18
라면은 신라면이 최고죠~~,5,2025.1.18
빠르고 안전하고 편리한배송,5,2025.1.18
쟁여두니 맘이 편해요,5,2025.1.18
라면은 항상 신라면을 먹는 듯!!,5,2025.1.18
맛있어요 괜찮아요 좋아요,5,2025.1.18
가격 저렴하고 맛도 좋아 만족합니다,5,2025.1.18
자주 구매하는 제품입니다.,5,2025.1.18
가격이 저렴해서 좋아요,5,2025.1.18
라면은 신라면밖에아넉어오 맛있어오,5,2025.1.18
맛있고 좋습니다~~,5,2025.1.18
집에 항상 있어야하는 라면,5,2025.1.18
행사제품 저렴하게 구매했어요,3,2025.1.18
진짜 맛있어요. 라면 너무 좋아요.,5,2025.1.18
행사가로 저렴하게 구매했습니다,5,2025.1.18
"라면은진리죠
감사합니다",5,2025.1.18
비상식량 라면없으믄안되요,5,2025.1.18
,5,2025.1.18
,5,2025.1.18
농심신라면좋아요괜찬아요,3,2025.1.18
자주 구매하는 상품입니다,4,2025.1.18
깔끔하게 적당히 매운맛,4,2025.1.18
"라면의 기본은 신라면 ㅎ
늘 집에 구비해두는 라면
끓여도 먹고 생라면도 가끔 먹고",5,2025.1.18
맛있어요 좋아요!!!,5,2025.1.18
"종종 구매, 무난해요 행사 자주해주세요",5,2025.1.17
좋아요 늘 여기서시켜요,5,2025.1.17
잘받았습니다 감사합니다,5,2025.1.17
행사해서 저렴하게 구입 했습니다,5,2025.1.17
항상 구매하는 상품입니다,5,2025.1.17
자주 구매하는 거에요.,5,2025.1.17
행사도 많이하고 심플러스 제품들도 만족스러워 홈플러스만 시키게되네요.,5,2025.1.17
신라면은 상비물품이죠,5,2025.1.17
남편은 이 라면만 찾아요,5,2025.1.17
,5,2025.1.17
잘 배송되어 도착했어요,5,2025.1.17
"ㄱㄷㄴ
ㄴㄷㅅ
ㅅ
ㅅㅈ
ㄴ",5,2025.1.17
라면 행사해서 쟁여두려구요.,5,2025.1.17
"신라면은 빌수뗌
조아요",5,2025.1.17
얼큰하고 쫄깃하고 맛있는 신라면 최고,5,2025.1.17
가격도저렴하고 품질도좋네요 잘먹겠읍니다,5,2025.1.17
역시 라면은 신라면!,5,2025.1.17
맛있어요 ~~~~/,4,2025.1.17
조아요 조아요 조아요 조아요 조아요 조아요 조아요 조아요,4,2025.1.17
라면은 신라면이 최고에요,5,2025.1.17
,5,2025.1.17
신라면 땡겨서 주문했어요.맛있습니다.,5,2025.1.17
항상 쟁여놓고 구매했어요,5,2025.1.17
신속정확 좋아요신속정확 좋아요,5,2025.1.17
잘먹을께요 감사합니다 ㅎㅎ,5,2025.1.17
비상용 식품으로 구비,5,2025.1.17
농심 신라면 120G*5입,5,2025.1.17
완전득템!저렴하게구입~,5,2025.1.17
신라면 언제 먹어도 맛있어요,5,2025.1.17
라면중에 최고죠ㅋㅋ 맛있어요,5,2025.1.17
자주 구매하는 제품입니다.,5,2025.1.17
라면은 신라면이 깔끔하네요.,5,2025.1.17
,5,2025.1.17
맛과 양에 만족합니다,4,2025.1.17
맛과 양에 만족합니다,4,2025.1.17
나이들어서 긍가.. 신라면도 매워요 ㅎㅎ,5,2025.1.17
신라면은 상비춤입니다,5,2025.1.17
아이가좋아하는신라면매번구입,5,2025.1.17
자주구매하는 제품입니다.,5,2025.1.17
언제나 마음에 쏙 듭니다.,5,2025.1.17
다른라면 먹다먹다 다시 한번씩 돌아오는 신라면주기때문에 구입~,4,2025.1.17
전통있는 최애라면이죠~,5,2025.1.17
쟁여놓는 라면이에요 넘 맛있어요~~,5,2025.1.17
잘받았습니다 감사합니다,5,2025.1.17
농심 신라면 맛있어요,5,2025.1.17
구매해봅니다 항상 먹늠 제품,5,2025.1.17
편하고 저렴하게 잘 샀습니다,5,2025.1.17
ㅅㄷㅅㄷㅅㄷㅅㄷㅅㄷㅅㄷㅅㄷ,5,2025.1.17
제일 좋아하는 신라면 최고,5,2025.1.17
좋은상품 잘받았습니다 감사합니다,5,2025.1.17
필수품! 집앞 배송 늘 감사합니다!,5,2025.1.17
매운맛은 오랫만이지만 도전,5,2025.1.17
,5,2025.1.17
착한 가격에 감사 드립니다.,5,2025.1.17
라면은 역시 신라면 이죠,5,2025.1.17
항상 잘 주문하고 있어요,5,2025.1.17
"행사할때 사서 좋아요.
신라면에 계란 풀어 먹으면 언제나 진리죠.",5,2025.1.17
신라면이 젤 좋아요,5,2025.1.17
누구나 다 아는 신라면 늘 구입합니다. 행사 자주 하면 좋겠어요.,4,2025.1.17
아들이 좋아해서 궁새합니다.,4,2025.1.17
잘받았습니다 감사합니다,5,2025.1.17
라면 3개 행사할ㄷ채 쟁였어요,5,2025.1.17
맛있는 라 면,5,2025.1.17
가성비좋은제품입니다,5,2025.1.17
라면 하면 신라면 좋아요,5,2025.1.17
좋은제품입니다 만족합니다,5,2025.1.17
잘 받았습니다~~~,5,2025.1.17
홈플러스 빠른배송 감사합니다,5,2025.1.17
전통의 신ㄴ라면 추천해요,5,2025.1.17
신랑이 좋아하는 신라면,5,2025.1.17
신라면 최애 라면이죠~,5,2025.1.17
신라면이 근본이에요,5,2025.1.16
맛있어요 맛있어요,5,2025.1.16
라면은 신라면ㅋ 라면없으믄 아쉽죠,5,2025.1.16
늘 먹는거라 고민없이 구매합니다,5,2025.1.16
신라면은 국민 라면 ㅎ,5,2025.1.16
신라면 부셔먹어도 맛있어요,5,2025.1.16
늘 믿고 구매하고 있습니다.,5,2025.1.16
좋인요 좋아요 좋아요,3,2025.1.16
유효기간 3개우ㅏㄹ남안거 보내줌,1,2025.1.16
,5,2025.1.16
라면은 역시 신라면,5,2025.1.16
맛있어요ㅎㅎ 누구나 좋아하는 맛입니다!!,5,2025.1.16
"사봤어요 많이
파세요",5,2025.1.16
저렴하게 잘 받았습니다,5,2025.1.16
늘먹는 신라면구입했습니다홈플짱,5,2025.1.16
맛있게 잘 먹겠습니다,5,2025.1.16
"온가족이
좋아하는라면 오늘 저녁은 라면입니다",5,2025.1.16
잘받았어요. 맛있어요,5,2025.1.16
매번 구매하는 제풍 입니다.,5,2025.1.16
신랑이 신라면을 젤 좋아해 늘 구매합니다,5,2025.1.16
,5,2025.1.16
잘받았습니다 ~~~,5,2025.1.16
잘받았습니다 ~~~,5,2025.1.16
저렴하게구입했어요 ㅊㅊㅇ,5,2025.1.16
쟁여두려고 구매햇어요,5,2025.1.16
,4,2025.1.16
기본템 라면~~~~~,5,2025.1.16
라면은 신라면이 맛있지요,3,2025.1.16
안전배송 감사합니다.,5,2025.1.16
농심 신라면 120G*5입,4,2025.1.16
라먼은 역시 신라면 이에요,5,2025.1.16
라면쟁겨두기 좋아요,5,2025.1.16
좋은 상품 감사합니다,5,2025.1.16
신라면 제일 좋아하는 라면이예요.최고!,5,2025.1.16
이가격에 3봉지나 ㆍ완전 득템했네요ㅎㅎ. 종종 이용할께요,5,2025.1.16
맛있게 잘 먹었습니다,5,2025.1.16
얼큰한구물 맛~~굿ㅎ,5,2025.1.16
자주 구매 하는 상품이에요,5,2025.1.16
저럼한 가격으로 구매 했어요,5,2025.1.16
저렴하게 잘 구입했습니다,5,2025.1.16
집에 항상 있어야 하는 라면이죠.,5,2025.1.16
"항상 구매하고 있어요 
가성비 좋아요",5,2025.1.16
좋아요 편해요 좋아요 좋아요 좋아 좋아,5,2025.1.16
,5,2025.1.16
좋아요 제시간에왔어요,5,2025.1.16
신라면이야 말해 머해요 기본으로쟁여두는 거죠,5,2025.1.16
잘 먹었습니다 재주문예정,5,2025.1.16
,5,2025.1.16
행사가격에 저렴하게 잘 구매해요,5,2025.1.16
dbsndbdvdhdd,5,2025.1.16
늘 쟁여두던거라 할말이 없네요,5,2025.1.16
고기향도 심하지 않은 매콤한 라면 맛있네요,5,2025.1.16
신속한 배송 감사합니다,5,2025.1.16
항상 시키는거라 감사합니다,5,2025.1.16
신랑이 먹고 싶다구해서 구매했어요,5,2025.1.16
좋아요 좋아요 좋아요,5,2025.1.16
늘 먹던 거라 삽니다.,5,2025.1.16
,3,2025.1.16
주문한 상품 배송 잘 받았습니다,5,2025.1.16
저렴하게 잘 구매했어요,5,2025.1.16
ㅅㄷㅅㄷㅅㄷㅅㄷㅅㄷㅅㄷ,5,2025.1.16
항상 쟁여있어야 안심되는.. 늘 구매합니다..,5,2025.1.16
,5,2025.1.16
,5,2025.1.16
유통기한 넉넉한 상품으로 잘 받았습니다^^,5,2025.1.16
오랜만에 먹으니 맛있네요 잘 먹겠습니다,5,2025.1.16
,5,2025.1.15
항상 맛있게 먹고 있는 거에요!!!,5,2025.1.15
라면하면 역시 신라면이네요,5,2025.1.15
언제 먹어도 좋아요 ^^,5,2025.1.15
잘 도착했습니다...,4,2025.1.15
잘 도착했습니다...,4,2025.1.15
매콤한 국물이 땡길때면 항상 신라면을 끓여먹어요 맛있어요,5,2025.1.15
신리면은.기본아이엩미요,5,2025.1.15
행사로 저렴하게 구매했습니디. 홈플 행사 자주 했으면 좋겠어요!,5,2025.1.15
항상 잘 사용하고있어요! 간편해서 좋아요,5,2025.1.15
마트보다 저렴한게 사서 좋아요ㅎㅎ,5,2025.1.15
,4,2025.1.15
,5,2025.1.15
,5,2025.1.15
신라면이 맛있어요~~~,5,2025.1.15
,5,2025.1.15
물가 바람 배송 감사합니다,5,2025.1.15
배송 빨라요. 맛있습니다.,5,2025.1.15
저렴한가격에 3봉지네요,5,2025.1.15
맛있어요~~~~~~~~~~~~,5,2025.1.15
신라면이 최고 최고,5,2025.1.15
좋아요 아주 좋아요 ㅎㅎ,5,2025.1.15
맛나요 잘먹엇습니다~~,2,2025.1.15
빠르고 맛나서 좋아요 빠르고 좋아요 빠르고 좋아요,5,2025.1.15
신라면이 제일 맛있어요,5,2025.1.15
"빠른배송감사합니당
잘먹을게요",5,2025.1.15
포장 깔끔하고 맛 있어요,5,2025.1.15
,5,2025.1.15
잘 먹겠습니다~~~,5,2025.1.15
가격대비 아주 맛있어요,5,2025.1.15
칼칼한 신라면 속이 시원합니다,5,2025.1.15
맛있어요 자주 구입합니다,5,2025.1.15
신라면이 제일 맛있어요,5,2025.1.15
맛있게 잘먹을께요 빠른배송 감사합니다,5,2025.1.15
,5,2025.1.15
좋아요~~~~~~~,5,2025.1.15
신라면 항상 쟁여놓는데 행사해서 좋네오,5,2025.1.15
신라면 자주 시켜요,5,2025.1.15
,4,2025.1.15
항상 주문한 라면 콩나물 넣어 먹으면 해장도 되고 좋아요,5,2025.1.15
한끼 맛있게 먹어요,5,2025.1.15
쟁여놓고먹그있어여 라면은사랑이쥬,5,2025.1.15
오랜만에 신라면 먹으니 맛있네요,4,2025.1.15
최고네요 좋아요 맛있어요,5,2025.1.15
"굿,,,,,,,,,,,",5,2025.1.15
간식이나 식사대용으로 최고 면발이 쫄깃,5,2025.1.15
잘받았습니다 감사합니다,5,2025.1.15
먹기 무난합니다ㅡ.,5,2025.1.14
,5,2025.1.14
"전에는 스프가딱딱하게 굳었었는데..
이번에는 괸찮네요",5,2025.1.14
아이들이 잘먹어서 구매했어요,5,2025.1.14
농심 신라면 농심 신라면,5,2025.1.14
라면은 신라면이 짱이네요~,5,2025.1.14
라면중 최애라 떨어지지 않게삼,5,2025.1.14
,5,2025.1.14
좋아요 ㅋㅋ 좋아요,5,2025.1.14
유통기한 괜찮고 맛 좋아요,5,2025.1.14
신라면이 제일 무난하고 맛있어요,5,2025.1.14
,5,2025.1.14
국민 기호시뿜 사랑받는 농심 신라면. 매운고추 2개 넣고 계랁넣고 끓이니 매콤하고 맛있어요.,5,2025.1.14
라면이떨어지면서운하지요,5,2025.1.14
라면 떨어져서 구매했어요 굿,5,2025.1.14
,5,2025.1.14
사진과같이 똑같아요.,5,2025.1.14
,5,2025.1.14
생라면으로 깨먹어도 맛있네요,5,2025.1.14
,5,2025.1.14
,5,2025.1.14
제일 좋아하는 라면입니다 저렴하게 잘구매했어요 맛있어요,5,2025.1.14
자주애용하는제품입니다,5,2025.1.14
자주 구입해서 먹는 라면 입니다.,5,2025.1.14
일반 마트보단 조금 나은듯 합니다.,3,2025.1.14
배송 빠르고 좋아요~~,5,2025.1.14
자주 구매하는 상품 입니다,4,2025.1.14
깔끔하고 매운맛이 좋아 가족이 좋아하는 라면이예요,5,2025.1.14
,5,2025.1.14
배송도빠르고 좋아요 재주문할께요ㅎ,5,2025.1.14
,5,2025.1.14
잘 받았습니다.편하게 배송받아서 좋습니다.,5,2025.1.14
농심 신라면 맛있음,5,2025.1.14
"자주, 가벼운 가격에, 부담없이 늘 사용하고 있는 제품입니다. 보통의 제품입니다.",4,2025.1.14
추운겨울 점심때 한봉하면 속이 훈훈합니다,5,2025.1.14
"아무리먹어봐도
기본이젤맛잇음",5,2025.1.14
,5,2025.1.14
자주 구매하고 있습니다,5,2025.1.14
역시신라면짱짱탱탱!!!안뿌셔져왔음요!,5,2025.1.14
좋은상품좋은가격감사합니다,5,2025.1.14
아이들이 잘 먹어요,4,2025.1.14
빠르고 안전한 배송 감사합니다,5,2025.1.14
"보장된 맛, 라면입니다",5,2025.1.14
저렴하게 세일할때 잘샀습니다,5,2025.1.14
"매번 구매하는상품입니다.
아이들이좋아해요~",5,2025.1.14
,5,2025.1.14
,5,2025.1.14
라면은 신라면 맛도 좋습니다.,3,2025.1.14
신라면은 언제먹어도 맛있어요,5,2025.1.14
할인해서 싸게 구입했어요.,5,2025.1.14
홈플러스 온라인배송 좋아요,5,2025.1.14
약간 매콤해서 더 맛있어요,5,2025.1.14
,5,2025.1.14
라면은 역시 신라면,5,2025.1.14
"국민라면, 맛있어요.",5,2025.1.14
행사가격으로 잘 샀어요. 집 앞 배송이라 편리합니다,5,2025.1.14
행사기간이라 저렴하게 구매했어요~~,5,2025.1.14
행사기간이라 저렴하게 구매했어요~~,5,2025.1.14
행사로 싸게 구입했네욬ㅋ,5,2025.1.13
행사로 싸게 구입했네욬ㅋ,5,2025.1.13
신라면 맛있어요. 라면 행사해서 저렴하게 잘 샀어요 ^^,5,2025.1.13
저렴하게 구매했어요 빠른 배송감사합니다,5,2025.1.13
,5,2025.1.13
편하게 잘받았습니다.,5,2025.1.13
좋아요 마음에듭니다 ㅎㅎ,5,2025.1.13
신라면 너무 맛있어요,5,2025.1.13
,5,2025.1.13
자주 구입합니다. 맛있어요,5,2025.1.13
매번 구매하는 상품입니다,5,2025.1.13
배송 시간도 잘 지켜주시고 포장도 좋아요,5,2025.1.13
좋은 상품 배송 감사합니다,5,2025.1.13
신라면이 젤 맛있어요 !안질리는 맛~,5,2025.1.13
"신라면, 말이 필요없죠. 맛있습니다",5,2025.1.13
잘받았습니다 필수품이에요,5,2025.1.13
"자주 사요 맛있어요
또 주문할게요 맛있어요",5,2025.1.13
,5,2025.1.13
신라면이 제일 맛있어요,5,2025.1.13
잘먹었습니다 좋은제품 쌉니다,5,2025.1.13
,5,2025.1.13
,5,2025.1.13
,5,2025.1.13
라면의 기본 계속해서 구매해 먹는 라면,5,2025.1.13
,5,2025.1.13
상품 잘 받았어요,4,2025.1.13
,5,2025.1.13
우엉이 속이 너무 말라서 싱싱함이 덜하고 너무 실망했어요.,5,2025.1.13
항상 애용하는제품입니다,5,2025.1.13
저렴하게 구매했습니다 만족합니다,5,2025.1.13
부셔먹기도 끓여도 신라면이 젤 나은 듯,5,2025.1.13
,5,2025.1.13
Xygivobonobo,5,2025.1.13
Vhbivobobob8v,5,2025.1.13
,5,2025.1.13
,5,2025.1.13
좋아요~~~ 좋아요~~~,5,2025.1.13
20년만에 먹어본 신라면. 정말 맛있어요~,5,2025.1.13
"요청시간에 배송이 잘 와서 ~ 넘 좋아요 
젤 좋은건 홈플 야채가 넘 신선해서 만족합니다 ^0^",5,2025.1.13
저렴하게 구입하였습니다.,5,2025.1.13
좋아요 좋아요 좋아요 좋아요 좋아요 좋아요,5,2025.1.13
제품문제업이 잘받앗습니다,5,2025.1.13
좋은상품 감사합니다.,5,2025.1.13
좋은상품 감사합니다.,5,2025.1.13
라면은 농심 신라면입니다.,5,2025.1.13
갑자기 땡겨서 구매함. 국민 라면 아닌가요. 맛있죵,5,2025.1.13
상태좋아요 잘받았어요,5,2025.1.13
신라면 매콤하고 맛있어요.,5,2025.1.13
집에서편히받고좋아요,3,2025.1.12
부셔도 먹고 끓여고 먹고 너무 맛있음,5,2025.1.12
"맛있어요
좋아하는 라면입니다",5,2025.1.12
자주 애용하는 제품이에요,5,2025.1.12
국물이 시원하고 맛있어요,5,2025.1.12
맛있어요.배송이빨라요.,5,2025.1.12
늘 떨어지지 않게 구매해놓습니다.,5,2025.1.12
배송시간 정확히 잘 받았습니다,5,2025.1.12
농심 신라면 120G*5입 좋아요,5,2025.1.12
국물이 매콤하고 맛있어요!,5,2025.1.12
잘먹었어요 잘먹었어요 잘먹었어요.,4,2025.1.12
,5,2025.1.12
잘받았습니다 감사합니다,5,2025.1.12
"잘 받았습니다.
감사합니다",5,2025.1.12
,5,2025.1.12
,5,2025.1.12
빠른배송에만족합니다,4,2025.1.12
,5,2025.1.12
행사가격에 잘 구입했습니다.,5,2025.1.12
맛있어요 잘 받았어요,5,2025.1.12
항상 맛이새ㅣ 먹고 있어,5,2025.1.12
신라면이야 그야말로 말모죠,5,2025.1.12
,5,2025.1.12
농심 신라면 맛있어요,5,2025.1.12
행사할때 잘 샀어요,5,2025.1.12
깔끔한 맛이라 좋아요,5,2025.1.12
농심 신라면~가족들이 좋아하는 라면이어서 꾸준히 구매합니다~,5,2025.1.12
,5,2025.1.12
신라면이 제일 맛있어요~~~,5,2025.1.12
,5,2025.1.12
상품 상태도 좋고 배송도 빨라요!!,5,2025.1.12
행사시 저렴하게 구매,5,2025.1.12
배송도 좋고요 홈플러스 세일도 하고 더많이 했으면하는 바램있지만 아주좋습니다 신선하고 깔끔하니 최고임,5,2025.1.12
그냥 라면은 농심 신라면이에요,5,2025.1.12
빠른배송 감사합니다,5,2025.1.12
라면이 먹고 싶을 때 매콤하게 먹을 수 있어서 좋습니다.,5,2025.1.12
설명은 따로필요 없을듯,5,2025.1.12
라면은 역시 신라면임,5,2025.1.12
배송 감사합니다..,3,2025.1.12
좋은 제품 감사합니다,5,2025.1.12
빠른 배송 감사합니다~,4,2025.1.12
이게 제일 나아서 떨어지면 쟁여둡니다,5,2025.1.12
늘 구매하는 품목..,5,2025.1.12
신라면은 제일 무난한 라면..맛있어요,5,2025.1.12
맛있게 잘 먹었습니다,5,2025.1.12
할인 가격으로 잘 샀어요!!,5,2025.1.12
매콤하고 시원하니 맛있어서 즐겨찾는 신라면,5,2025.1.12
신라면은 필수품입니다,5,2025.1.12
라면은 역시 신라면,5,2025.1.12
감사합니다 잘받았습니다,5,2025.1.12
같이 주문한 새우넣고 먹으니 맛있어요,5,2025.1.12
할인을 많이해서 넉넉히 사두고 먹는데 밥말아 먹으면 일품입니다.,5,2025.1.12
저렴하게 잘 먹었어요,5,2025.1.12
저렴하게 구매합니다 ^^,5,2025.1.11
좋은 제품을 저렴하게 감사합니다,5,2025.1.11
빠른배송 감사합니다~~,5,2025.1.11
좋아요 안전배송이고 다른상품들도 다 좋아요,5,2025.1.11
맛있어서재구매했어요,3,2025.1.11
맛있음 적당히 맵고 꾸덕함,5,2025.1.11
자주 구매하는 제품입니다,5,2025.1.11
신라면 매콤 칼칼 맛있어요.,5,2025.1.11
인터넷 배달 편리해요,5,2025.1.11
신라면 맛있어서 좋아요.,5,2025.1.11
싸게 잘 구입하였습니다.,5,2025.1.11
라면 중에 신라면이 최고지요~^^,5,2025.1.11
돌고돌아 신라면이네요,5,2025.1.11
,5,2025.1.11
라면 신라면 좋앙노 처ㆍ고,5,2025.1.11
신라면 오랜만에 행사해서 사봤어요 맛있어요,5,2025.1.11
라면은 역시 신라면~~~~,5,2025.1.11
신라면 싸게 사서 좋았어요,5,2025.1.11
편하게 잘 받았습니다.,5,2025.1.11
제가 제일 좋아하는 라면이라서 항상 구입해서 먹고있어요,5,2025.1.11
좋아요 잘 받았습니다,5,2025.1.11
요즘 자주 먹는 라면입니다. 새로운 라면이 많이 나와도 예전 것을 찾아가는것같아요,5,2025.1.11
늘 구매하는 상품입니다,5,2025.1.11
,5,2025.1.11
저렴하니 좋아요 저렴하니 좋아요,5,2025.1.11
매운라면 땡길때 신라면 최고!,5,2025.1.11
마침 라면이 다떨어져서 주말에 끊여먹을겸 주문했지요,5,2025.1.11
신라면은 끓여먹어도 맛있고 스프 뿌려서 날로 깨먹어도 맛나요ㅋㅋ,5,2025.1.11
저렴하게득템했어용 ~~~,5,2025.1.11
매운맛도 띡양도 딱 존ㅅ아요 기격만 족ㄷㅁ더 행사를하먼 굿,3,2025.1.11
,5,2025.1.11
신라면은 따로 말이필요없죠,5,2025.1.11
신라면 역쉬 라면은 농심입니다,5,2025.1.11
가성비 좋은 품질에 자주 이용합니다.,5,2025.1.11
배송 빠르고 좋아요,5,2025.1.11
"국민라면인데 말해뭐해여
3종9900원일때 저렴히 구매합니다",5,2025.1.11
배송감사합니다ㅡㅇㅈㅇㅈ,4,2025.1.11
"믿고 먹는 라면입니다
좋습니다",5,2025.1.11
좋아요 저렴한 가격에 구매했습니다,4,2025.1.11
이것만 먹어요 신라면,5,2025.1.11
쟁여두면 든든해요 좋아서 자주구매해요,5,2025.1.11
,5,2025.1.11
매번 사는 상품으로 너무 좋아요너무 좋습니다,5,2025.1.11
모바일에서 작성한 글 역쉬~ 공산품은 1등 이마트~~ ㅎㅎ 역쉬 젤 싸요~~,5,2025.1.11
,5,2025.1.11
항상구매하는 신라면이예요,5,2025.1.11
,5,2025.1.11
행사가격으로 잘 구입했습니다.,5,2025.1.11
행사가로 저렴하게 구입,5,2025.1.11
생각한대로 좋은 상품이었어요,5,2025.1.11
상품도 배송도 만족합니다,5,2025.1.11
항상 구입하는 상품입니다,4,2025.1.11
자주 구매합니다....,5,2025.1.11
자주 구매합니다....,5,2025.1.11
,5,2025.1.11
"맛있어요.
아이들과 제가 잘 먹어요.",5,2025.1.11
쟁여두는 방학식. 빠른배송 굿,5,2025.1.11
좋은 제품 잘 받았습니다.,5,2025.1.11
좋아요 잘 받았습니다,5,2025.1.11
맛있어요 좋아요 추천,5,2025.1.11
늘 구입하는 상품입니다,5,2025.1.11
농심신라면 잘받았습니다,5,2025.1.11
농심 신라면 맛있어서 2개 먹었어요,5,2025.1.11
,5,2025.1.11
말해 뭐해요 근본라면,5,2025.1.11
편하게 배송받고 좋습니다^^,5,2025.1.10
국물라면은 신라면이 제일이네요,5,2025.1.10
라면은 신라면이 최고입니다!!,5,2025.1.10
좋아여 만족합니다 ㅎ,4,2025.1.10
신라면 오랜만에 구매했는데 맛있네요,5,2025.1.10
좋아요 좋아요 좋아요,5,2025.1.10
만족합니다 만족합니다 좋아요 좋아요,5,2025.1.10
신라면 항상 쟁여두네요,5,2025.1.10
아주 저렴하게 구매했어요,5,2025.1.10
만족합니다 아주 만족합니다,5,2025.1.10
가나나가나가나가나가,4,2025.1.10
잘 받았습니다~ 좋아요 좋아요~,5,2025.1.10
항상 재구매하는 상품입니다,5,2025.1.10
조아요 조아요 조아요 ㅎㅎ,4,2025.1.10
"라면중 탑은 신라면이죠
저는 오동통을 살짝 더 좋아하긴하지만 
남표니는 신라면만 먹네요
생라면으로 먹어도 바삭해서 맛있다네요",4,2025.1.10
조아요 조아요 조아요 ㅎㅎ,4,2025.1.10
잘먹을게요~~~~~~,4,2025.1.10
좋은 상품 빠른 배송 감사합니다.,5,2025.1.10
저번에 사먹고 괜찮아서 다시 주문했어요,5,2025.1.10
,5,2025.1.10
,5,2025.1.10
항상 빠지지 않고 주문합니다,5,2025.1.10
"신라면 최애..
맛있어용~!!",4,2025.1.10
돌고 돌아 신라면!,5,2025.1.10
집에 항상 쟁겨둬요,5,2025.1.10
라면하면 신라면이죠. 얼큰하고 맛있어요.,5,2025.1.10
집에 항상 구비해두는 신라면,5,2025.1.10
자주 구매하는 상품입니다,4,2025.1.10
떨어지면. 채우고 없으면 허전한 라면,5,2025.1.10
"신라면
맛있습니다
좀 매워오",5,2025.1.10
항상 즐거먹는 라면이죠,5,2025.1.10
농심 심라면 맛있어요,5,2025.1.10
농심하면 신라면이 최고지요,5,2025.1.10
라면은 역시 신라면.맛있어요~~,5,2025.1.10
맛있어용 배송도 잘 왔습니다,5,2025.1.10
맛있어요 맛있어요 맛있어요,5,2025.1.10
행사할때 다른 라면이랑 같이구입하니 저렴하니 좋아요,5,2025.1.10
라면은 역시 신라면 ㅋ,5,2025.1.10
주문할때 매번 구매해요,5,2025.1.10
라면은 역시 신라면이죠~,5,2025.1.10
행사해서 구매해요~,4,2025.1.10
라면은 신라면만 먹게되능고같아요 만두랑같이 먹으면 꿀맛 ㅎ,5,2025.1.10
신라면은 국민 라면.,5,2025.1.10
,5,2025.1.10
항상 쟁여놓는 쟁여템이에요,5,2025.1.10
라면은 신라면 늘 먹어요,5,2025.1.10
항상 구매하는 상품이예요,5,2025.1.10
항상 좋아하는 신라면 맛있어요,4,2025.1.10
,5,2025.1.10
맛있어서 우리집은 신라면만 먹어요~,5,2025.1.10
늘 먹는 라면이라 간편배송 좋아요.,5,2025.1.10
아주아주 만족합니다 ㅎㅎ,5,2025.1.10
좋은상품 좋은가격 최고에요,5,2025.1.10
라면의 근본은 신라면,5,2025.1.10
감사합니다 감사합니다,3,2025.1.10
배송도빠르고 좋아요,5,2025.1.9
라면 요것만 주로먹어요,5,2025.1.9
무거우셨을텐데 배송 감사합니다^^,5,2025.1.9
저렴하게 잘 구입했어요~~,5,2025.1.9
행사해서 저렴하게 구매했네요,5,2025.1.9
,5,2025.1.9
"박스가 터져서 정리하기 힘들었지만
빠른 배송에 만족합니다.",5,2025.1.9
농심 신라면 맛있어요,5,2025.1.9
"라멀하면 신라면이죠
맛있어요",4,2025.1.9
"라면이 좋아요
맛있어요
재구매합니다",4,2025.1.9
라면은 신라면이 최애,5,2025.1.9
,5,2025.1.9
Remember that,5,2025.1.9
신라면 필요해서 구입해요. 맛있어오ㅡ,5,2025.1.9
ehdhdjdjdkdkdkdkkdkdod,5,2025.1.9
저렴하게 잘 샀어요. 좋아요.,5,2025.1.9
잘받았습니다 잘받았습니다 잘받았습니다 잘받았습니다 잘받았습니다 잘받았습니다,5,2025.1.9
항상 시키는 제품!!,5,2025.1.9
신라면은 떨어지면 안돼,5,2025.1.9
행사한다고 3봉이나 샀네요,5,2025.1.9
"행사해서 구입 좋아요
맛도 좋고",5,2025.1.9
"신라면은 오랜만에 구매했네요.
잘 먹을께요~",5,2025.1.9
추울때 가끔 먹어요 맛있어요,5,2025.1.9
좋아요 ㅎㅎ ㅎㅎㅎ ㅎㅎ,5,2025.1.9
역시 겨울엔 신라면입니다ㅎ,5,2025.1.9
진라면 매운맛도 좋지만 매운맛의 근본은 신라면이라는거.. 라면은점심으로 간단히 해치울 때(?) 필요해서 구입했어요.,5,2025.1.9
아이들 남편 간식으로 맛있어요,4,2025.1.9
맛있어요~~ 맛있어요~~,4,2025.1.9
잘 받았습니다 잘 먹겠습니다,4,2025.1.9
맛있어요 유통기한은 6월 넉넉해요,5,2025.1.9
맛있는 신라면이 편하게 구매헀네요,5,2025.1.9
맛있어요 맛있어요 맛있어요,5,2025.1.9
,5,2025.1.9
만족합니다 만족합니다,5,2025.1.9
저렴하고 품질도 좋아요,5,2025.1.9
"배송 빠르고, 정확하고,좋아요~~~^^ 알뜰하게 구매했습니다!!! 감사합니다!!!",5,2025.1.9
모두가 다 아는 그 맛,5,2025.1.9
역시 맛있는 라면입니다. 면이 꼬들해서 즐겨먹습니다.,5,2025.1.9
배송도 제품도 좋아요,5,2025.1.9
맛있어요 굿굿~~~~~~~~~~~~~,5,2025.1.9
잘받았습니다 감사합니다,4,2025.1.9
신라면은 늘 진리입니다 맛있어요,5,2025.1.9
ㄷㅎㄴㄷㅈㅇㅅㄴㅌㅇㅋㄴㄷ,5,2025.1.9
배송해주셔서 감사해요,5,2025.1.9
늘 구매하는 제품입니다,5,2025.1.9
맛있어요 맛있어요 맛있어요,5,2025.1.9
,5,2025.1.9
감사합니다 잘먹겠습니다 안전배송,5,2025.1.8
역시 산라면^^ 두말이 필요 없죠.,5,2025.1.8
라면은 역시 신라면이죠 겨울엔 더 맛이어요,5,2025.1.8
신라면맛이 예전같지않네요,3,2025.1.8
농심 신라면 120G*5입,4,2025.1.8
빠른배송 감사합니다ㅎㅎ,5,2025.1.8
,5,2025.1.8
라면 좋아하는 가족이 많아 자주 사요,5,2025.1.8
맛있어요 맛있어요 맛있어요 맛있어요 맛있어요,5,2025.1.8
추운날씨 배송 감사합니다,5,2025.1.8
,5,2025.1.8
라면은 역시 신라면이죠,5,2025.1.8
맛있어요 맛있어요 맛있어요,5,2025.1.8
라면은 역시 신라면입니다!!!,5,2025.1.8
신라면은 말모말모!!,5,2025.1.8
,5,2025.1.8
라면은 역시 신라면이네요,5,2025.1.8
좋은상품 배송도 빠르고 좋아요,5,2025.1.8
좋은상품 배송도 빠르고 좋아요,5,2025.1.8
싸게 잘 구매햇어요,4,2025.1.8
행사할때 저렴하게 구매했어요.항상 구매합니다,5,2025.1.8
저렴하게 잘샀어요.,5,2025.1.8
상비용으로 두개 샀어요,4,2025.1.8
상품 잘 받았습니다,5,2025.1.8
좋아요 맛있어요 좋아요,5,2025.1.8
스테디셀러 라면이잖아요.,5,2025.1.8
행사가로 저렴하게 구입했습니다.,5,2025.1.8
자주 애용합니다. 신라면이니까요,5,2025.1.8
다 아는 맛있는 맛이에요. 자주는 안먹지만 항상 끌리는 맛이에요,5,2025.1.8
국민라면 전세계가 극찬하는 라면이지 싶습니다,5,2025.1.8
라면은 역시 신라면이죠,5,2025.1.8
라면은 역시 신라면 입니다~~~,5,2025.1.8
,5,2025.1.8
너무너무 맛있어요 그래서 세일할때마다 구입했어요,5,2025.1.8
"끓여 먹어도 
생으로도 맛있는 라면",5,2025.1.8
행사해서 사먹었어요.,4,2025.1.8
집에 꼭 있어야 하는 라면,5,2025.1.8
그냥 무난하게 먹기 좋은 라면입니다. 계란 넣어먹음 더 맛나쥬~,5,2025.1.8
아빠가 좋아하는 라면이예요,5,2025.1.8
좋아해서 자주 먹어요,5,2025.1.8
가장 베이스가 되는 라면이라 사놓는게 맘이 편해요,5,2025.1.8
라면은 신라면이 최고인듯. 쫄깃한면발에 매콤한맛이 좋아요.,5,2025.1.8
라면할인해서 저렴하게 잘 구매했습니다.,5,2025.1.8
맛있어요 맛있어요 맛있어요,5,2025.1.8
신라면 고기 먹을때 같이 먹음 더 맛나요,5,2025.1.8
만족합니다 .,4,2025.1.8
만족합니다 만족합니다,5,2025.1.8
가격 행사해서 저렴하게 구입했습니다,5,2025.1.8
늘 구매하는 제품입니다!! 좋아요!!,5,2025.1.8
"몇 년만에 먹었는데, 라면은 역시 신라면입니다. 진짜 맛있어요",5,2025.1.8
가성비좋은제품입니다,5,2025.1.8
유부초밥 구매하면서 같이 해서 먹으려고 라면 구매했어요,5,2025.1.8
깔끔배달 홈플 너무 좋아요~^^,5,2025.1.8
무거운 물건 집까지 배송되어서 정말 좋습니다,5,2025.1.8
잘받았습니다 감사합니다,4,2025.1.8
좋은상품 저렴하게 구입했습니다.,5,2025.1.8
,5,2025.1.8
,5,2025.1.8
,5,2025.1.8
,5,2025.1.8
비 오는 날엔 라면이지~,5,2025.1.7
잘 받았습니다.....,5,2025.1.7
항상 먹는 라면은 신라면,3,2025.1.7
라면 부서진거 없음 유통기한 넉넉함,5,2025.1.7
오뚜기 오동통면 120G*5,4,2025.1.7
간편 마트 주문은 매번 홈플러스 이용,5,2025.1.7
행사가로 구입해서 좋아요,5,2025.1.7
신라면은 진~~~리죠! 배송 감사합니다,5,2025.1.7
라면은 신라면이죠 맛있고 매울때는 맵네요,5,2025.1.7
"맛있어요.
또 주문 하겠습니다.",5,2025.1.7
맛있어요 감사합니다,5,2025.1.7
빠른 배송 감사합니다,5,2025.1.7
행사 상품이라 같이 구매했습니다,5,2025.1.7
늘 먹는 라면이에여 최고에용 맛있아용,5,2025.1.7
"아이들이 좋아합니다
맛있고 간편해요",5,2025.1.7
다양한 라면중에 가장 물리지 않는 라면입니다. 항상 안 떨어지게 준비해 놓아요,5,2025.1.7
항상 자주 시켜서 먹어요.,5,2025.1.7
배송 빠르고 맛도 좋았습니다~,5,2025.1.7
,5,2025.1.7
제품 신선하고 맛있어요 추천,5,2025.1.7
,5,2025.1.7
,5,2025.1.7
맛있어요 항상 주문함,5,2025.1.7
아이돌이 사달라는데 매워요,5,2025.1.7
,5,2025.1.7
자주 구매하는 상품입니다,4,2025.1.7
신라면은 언제나 진리죠,5,2025.1.7
라면은 역시 신라면,5,2025.1.7
개인적으로 신라면을 좋아해서 샀어요,5,2025.1.7
라면은 신라면이죠~~매일 먹고싶네요ㅎ,5,2025.1.7
,5,2025.1.7
자주 먹는 제품 만족합니다.,5,2025.1.7
라면은 항상 신라면이네요,5,2025.1.7
매번시키는데 좋아요,3,2025.1.7
,5,2025.1.7
좋은 상품 감사합니다.,5,2025.1.7
급하게 샀어요 할인안해서 아숩,5,2025.1.7
긴말 필요없는 스테디셀러지요,5,2025.1.7
라면은 역시 신라면,5,2025.1.7
ㅋㅋㅋㅋ신라면 맨날 잘먹고있습니당! 맛나유 라면은 역시 신라면~~,5,2025.1.7
"신라면은 사랑..
너무맛있습니다",5,2025.1.7
,5,2025.1.7
늘감사감사 감사합니다,5,2025.1.7
신라면 잘 먹었습니다,5,2025.1.7
늘 쟁여놓는 비상식량.. 생라면으로도 맛있어요,5,2025.1.7
짜장소스 섞어서 라볶이 했어요 아주 맛좋음,5,2025.1.7
언제나 항상 신라면이 최고예요,5,2025.1.7
빠른 배송. 합리적인 가격. 좋아요,5,2025.1.7
저렴하게 잘 구매했어요,5,2025.1.7
,5,2025.1.7
자주 주문해서 먹어요,5,2025.1.7
,4,2025.1.7
신선하요 싸요 죵아요,5,2025.1.7
,5,2025.1.7
좋아요! 자주 구매하고 있습니다!,5,2025.1.7
너무 좋습니다. 매번시켜요,5,2025.1.7
배송도 빠르고 좋아요 ~ 매번 홈플러스에서만 주문해서 먹어요,5,2025.1.7
배송도 빠르고 좋아요 ~ 매번 홈플러스에서만 주문해서 먹어요,5,2025.1.7
,5,2025.1.7
매번 세일 할때마다 사는 제품이에요,5,2025.1.7
라면은 신라면이죠. 맛나요,5,2025.1.7
적당히 맵고 맛있어요.,5,2025.1.6
맛있어요 맛있어요맛있어요 맛있어요,5,2025.1.6
Remember that,5,2025.1.6
라면 행사해서 구매했어요,5,2025.1.6
신라면~~~~~~~,5,2025.1.6
홈플러스에서만 주문해요 배송도 깔끔 빨라요,5,2025.1.6
라면 구매 시 신라면은 필수품목입니다!,5,2025.1.6
신라면은 항상 쟁여두고 먹어요,5,2025.1.6
가끔 먹는데 맛있습니다..,5,2025.1.6
홈플배송 항상 감사합니다,5,2025.1.6
가송비가 너무나 좋아요,4,2025.1.6
가격은 착하지만 맛은 업그레이드 입니다,5,2025.1.6
들고 오기 부피가 나가서 배달시킹,5,2025.1.6
역시 신라면에는 달걀 넣어야 되요ㅎ,5,2025.1.6
좋아요. 항상 구매하는 제품입니다,5,2025.1.6
배송빠르고 싸게 구매했어요,5,2025.1.6
,5,2025.1.6
,5,2025.1.6
저렴한가격 빠른배송 만족합니다,4,2025.1.6
"적당히 맵고
칼칼해서 좋아요
3가지 라면 좋아하는데
그중 하나예요",5,2025.1.6
농심 신라면~맛있는 라면이어서 꾸준히 주문~후레이크(건더기) 스프가 더 풍부해진 듯~,5,2025.1.6
배송도 빠르고 제품도 좋습니다,5,2025.1.6
읻고먹는식품 잘먹겠습니다,4,2025.1.6
행사로 구매했어요 맛있어요,5,2025.1.6
재구매한 상품입니다,5,2025.1.6
늘 주문하는 제품입니다.,5,2025.1.6
항상 잘먹고 있어요,5,2025.1.6
좋아요 만족합니다ㅎㅎ,5,2025.1.6
항상 필요한 물건은 홈플러스로 주문해요~~ 급하게 사야하는 물건 있으면 바로 당일이나 그 다음날 오니까 너무 좋아요~~ 시간 절약되고 좋은것 같아요~~~ 마트에서 직접사는거랑 배달해주시는거랑 별 다를게 없어서 좋습니다,5,2025.1.6
매콤 칼칼 신라면 남편이 제일 좋아해요,5,2025.1.6
Yfdjisghjgdc,3,2025.1.6
Jtdjkfjnhy6tcg,3,2025.1.6
늘 맛있게 먹고 있어요,5,2025.1.6
저렴하게 구매했어요. 맛있어서 재어놓습니다.,5,2025.1.6
맛있습니다~ 제일 자주 시켜먹는 음식이에요,5,2025.1.6
쟁여두고 먹는 제품입니다,5,2025.1.6
,5,2025.1.6
항시 있어야할 구비목록,5,2025.1.6
농심 신라면 120G*5입,5,2025.1.6
,5,2025.1.6
만족해서 재구매합니다,4,2025.1.6
항상 주문하는 제품입니다,5,2025.1.6
,5,2025.1.6
저렴한가격에잘산거같네요,5,2025.1.6
"맛있어요
최고예요
또주문할께요",5,2025.1.6
,5,2025.1.6
말하지 않아도 되는 맛이죠,5,2025.1.6
자주 구입하는 제품입니다,4,2025.1.6
ㅇㅅㄷㅈㅇㅅㅈㅇㅅㅈㅇㅅㅈ,5,2025.1.6
문 앞 배송 감사합니다,5,2025.1.5
,5,2025.1.5
말이 필요없어요. 신라면인데,5,2025.1.5
배송감사합니다잘받았어요,5,2025.1.5
배송빠르고화면과같음,5,2025.1.5
라면은 신라면이죠^^,5,2025.1.5
좀 매워진건지 맛나네요,5,2025.1.5
우리집은 신 라면만 먹네요.,5,2025.1.5
여러가지 라면을 먹어도 신라면은 한번씩 먹어줘야되요,5,2025.1.5
역시 신라면~ 저렴하게 구입할 수 있어서 더 좋았습니다.,5,2025.1.5
역시 신라면은 잊을 수가 없는 맛이죠^^,5,2025.1.5
라면은 역시 신라면,5,2025.1.5
착한가격에 구매해 좋아요.,4,2025.1.5
"홈플러스는 빠르고 편하고 자주 시킵니다
저렴하니 너무 편해요
또주문합니다",5,2025.1.5
신라면 좋라요..좋아요.,4,2025.1.5
,5,2025.1.5
온라인 배송 감사합니다,5,2025.1.5
가격도 저렴하고 배송도 빨라요,5,2025.1.5
집에 항상 있어야할 라면이네요,5,2025.1.5
두묶음 할인받아 샀어요. 신라면 맛도 최고지요,5,2025.1.5
,5,2025.1.5
잘아는맛. 좋아요 강추,5,2025.1.5
농심 신라면 맛있어요,5,2025.1.5
해외나가서 제일 먹고 싶은게 신라면이에요,5,2025.1.5
늘 떨어지지않게 구입해놓는 라면인데 행사가격 너무 좋네요,5,2025.1.5
기본이 최고죠~~항상 구비해야되는 라면,5,2025.1.5
,5,2025.1.5
,5,2025.1.5
늘 즐겨먹는 라면 맛있어요,5,2025.1.5
저렴하게잘샀어요 좋,5,2025.1.5
,4,2025.1.5
맛있어서 항상 사먹어요,5,2025.1.5
농심 신라면 120G*5입 3개 구매 완료.,5,2025.1.5
"항상주문하는 상품이예오
좋은상품",5,2025.1.5
"신라면 리뷰는 모라고 써요,",5,2025.1.5
얼큰하고 맛있어요~~~,5,2025.1.5
믿음입니다.항상 구매하는 필수품이에요.,5,2025.1.5
신라면 맛있습니다. 얼큰하니,5,2025.1.5
저렴하게 구매했어요,5,2025.1.5
신리면 좋아하는 사람 있어 떨어질때 마다 주문,3,2025.1.5
항상 자주 구매하는 제품입니다 배송 빠르고 좋아요,4,2025.1.5
배송도 빠르고 괜찬아요. ㅋㅌ,5,2025.1.5
"맛있어요. 제가 신라면에 꽂히다보니 라면을
잘 끓이는데 정말 맛있습니다!!",5,2025.1.5
자주 이용하는 제품입니다,5,2025.1.5
,4,2025.1.5
지정시간 배송 편리합니다 무거운 제품 문앞에서 바로 받아볼수있어서 온라인장보기 좋아요,5,2025.1.5
"맛있어요
늘 시켜먹어요",5,2025.1.5
"가격대비 맛, 양, 품질 다 좋아요.",5,2025.1.5
신라면이 먹고 싶어 구매,5,2025.1.5
,5,2025.1.5
,5,2025.1.5
신라면 좋아요 3개 만원,4,2025.1.5
,5,2025.1.5
,5,2025.1.5
만족합니다 만족합니다,5,2025.1.5
,5,2025.1.5
,5,2025.1.5
"요즘 홍게 라면에 빠져 신라면 할인가로 구매했어요
신라면이 젤루 맛있더라구요",5,2025.1.5
자주 구매하는 상품입니다,4,2025.1.5
,5,2025.1.5
집앞까지 배송 감사합니다,5,2025.1.5
"덕분에 저렴하게 잘 구매했어요.

맛있게 잘 먹고 있어요.",5,2025.1.5
매콤하게 맛있어요 카,5,2025.1.5
"항상 홈플러스만 이용하고 있어요!!
좋아요~!!",5,2025.1.5
ㅅㅈㅅㅈㅅㄷㅅㄷㅅㄷㅅㄷㅅㄷㅅㄷ,5,2025.1.4
빠른배송 감사합니다.,5,2025.1.4
상품 잘받았어요 배송 감사합니다,5,2025.1.4
배송 빠르고 좋아요~~~,5,2025.1.4
맛있게 잘 먹었습니다,5,2025.1.4
배송 빠르고 좋아요~~~,5,2025.1.4
,4,2025.1.4
,5,2025.1.4
맛있어요 맛있어요 맛있어요,5,2025.1.4
편하게 잘 받았어요~~,5,2025.1.4
1+1으로 저렴하게 구매했어요.,5,2025.1.4
사나이 울리는 진라면,5,2025.1.4
,5,2025.1.4
좋아요 자주주문해서 먹고있어요 굿굿굿,5,2025.1.4
항상 집에 있어야하는 신라면~,5,2025.1.4
바삭해서 끊이지 않고도 먹었어요,5,2025.1.4
너무 좋아요 다음에 또 구입할께요,5,2025.1.4
가격대비 만족합니다,5,2025.1.4
봏아여 !!! 좋아요 잘먹아요,5,2025.1.4
신라면 찬밥한덩어리에넣어서먹어봐나요아주맛나요,5,2025.1.4
얼큰하니 맛있었어요,5,2025.1.4
남편이 신라면면 좋아해요 ^^,5,2025.1.4
맛있습니다 맛있습니다,5,2025.1.4
,5,2025.1.4
,5,2025.1.4
싸게잘샀어요 싸게잘샀어요,5,2025.1.4
싸게잘샀어요 싸게잘샀어요,5,2025.1.4
싸게잘샀어요 싸게잘샀어요,5,2025.1.4
홈플러스 배송상품 만족스럽습니다,5,2025.1.4
당일배송편하고좋아요 당일배송편하고좋아요 당일배송편하고좋아요 당일배송편하고좋아요 당일배송편하고좋아요 당일배송편하고좋아요 당일배송편하고좋아요 당일배송편하고좋아요 당일배송편하고좋아요 당일배송편하고좋아요 당일배송편하고좋아요,5,2025.1.4
맛있어요 만족합니다,5,2025.1.4
,5,2025.1.4
라면은 역시 신라면입니다.,4,2025.1.4
늘 구매하는 제품이라 세일때 쟁여놔요,5,2025.1.4
동생이 신라면만 먹어요,5,2025.1.4
할인으로 다른라면과 항시 같이 구매합니다,5,2025.1.4
행사해서 저렴히샀어요,4,2025.1.4
집에서받으니편하고좋습니다,4,2025.1.4
아주 좋아요 아주좋아요 적극 추천합니다,5,2025.1.4
아주 좋아요 아주좋아요 적극 추천합니다,5,2025.1.4
"세일

싸게 구입

저렴이라 좋아요",5,2025.1.4
국민라면 신라면 맵지만 맛나요ㅎ,5,2025.1.4
,5,2025.1.4
신라면은 라면 중에 제일 입니다ㅋ,5,2025.1.4
금방 먹을 거 같아서 빠르게 채워놓음 근데 전에 산 게 유통기한이 더 길어요 배송할 때 재고처리 말고 유통기한 신경써주세요,2,2025.1.4
가격도 저렴하고 맛있어요,5,2025.1.4
신라면은 역시~!!,5,2025.1.4
가공식품은 유통기한이 제일 중요한 듯 합니다. 기한 좋습니다. 가격은 착했습니다.,5,2025.1.4
신라면은 생라면으로 먹어도 맛있어여,5,2025.1.4
가족과 함께 맛있게 먹었어요~^^,5,2025.1.4
감사합니다. 감사합니다.,5,2025.1.4
가족과 함께 맛있게 먹었어요~^^,5,2025.1.4
좋아요 재구매합니다.,5,2025.1.4
떨어지면 사는 상품이예요,5,2025.1.4
신라면 늘 맛나죠 신라먼,5,2025.1.4
"라면은 역시 농심 신라면~~
비교 불가",5,2025.1.4
라먼은 역시 농심 신라면~~~,5,2025.1.4
"쎄일가격에 구입해서 기분이 좋네요 
맛있게 먹겠습니다",5,2025.1.4
늘 구비해두는 신라면 최고예요 할인 자주해주세요 ㅎㅎ,5,2025.1.4
좋은상품가격배송만족 잘받았습니다 감사합니다,5,2025.1.4
맛있어요 잘먹엇어요,5,2025.1.4
자주 시키는 거예요,5,2025.1.4
배송 빠르고 제품 좋아요,3,2025.1.4
,5,2025.1.4
늘 구매하는 상품입니다.,5,2025.1.4
"잘 받았습니다
좋아요",5,2025.1.4
수고하세요.잘받았습니다.,3,2025.1.4
신라면은 국민 라면이죠...말해 머합니까?,5,2025.1.4
라면 세일해서 좋은 가격에 구매 했어요 잘먹겠습니다,5,2025.1.4
맛있습니다 맛있어요.,5,2025.1.3
맛있어요. 추천합니다.,5,2025.1.3
감사합니다 잘먹을게요,5,2025.1.3
안전하게 잘 받았습니다.,5,2025.1.3
우리집 필수 라면 늘 신라면만 먹어요,5,2025.1.3
늘 맛있어요 자주 구매할게요,5,2025.1.3
남편이 좋아하는 라면입니다,5,2025.1.3
,5,2025.1.3
배송 빠르고 만족합니다,4,2025.1.3
,5,2025.1.3
,5,2025.1.3
행사해서 주문했어요,5,2025.1.3
신라면 역시 맛있어요,5,2025.1.3
농심신 라면 매콤해고 촐깃해요,5,2025.1.3
푹 끓여서 먹으니 더 맛나요,5,2025.1.3
이게최고입니다 포장도잘해주시고 감사합니다,5,2025.1.3
"많은 주문에도 안전하게 정량, 정품을 배송해주셔서 감사합니다.",5,2025.1.3
매꼼하고 담백하니 맛있네요,5,2025.1.3
라면 중에서 젤 맛있어요,5,2025.1.3
"맛있고 유통기한도 길고~ 좋아요. 포장상태도 좋고요.
가격만 조금 더 저렴하면 좋겠지만..욕심이겠죠^^;",5,2025.1.3
행사할때 저렴하게 구매할수 있어 좋아요,4,2025.1.3
"라면은신라면
부드러운면발이좋아요",4,2025.1.3
"신속 정확
품질 만족",5,2025.1.3
잘 먹고...가족 모두 항상 건강하겠습니다,4,2025.1.3
저렴한 가격에 잘 삿어요,5,2025.1.3
아이들이 좋아하는,5,2025.1.3
저렴하게 샀어요 ㅎㅎ,5,2025.1.3
신라면 좋아해요 매워서,5,2025.1.3
유통기한길어서좋아요,5,2025.1.3
우리집은 신라면을 좋아해요,5,2025.1.3
행사에 덥석 넣어버림,5,2025.1.3
,5,2025.1.3
항상먹던 라면이라 구매합니다.좋아요,5,2025.1.3
"다아는맛
비상식량으로 구입해봐요",5,2025.1.3
오래 먹어도 계속 맛있네..,5,2025.1.3
빠른 배송 가격도 양호합니다,5,2025.1.3
기본적으로 신라면은 계속 사먹어요.,5,2025.1.3
배송도 빠르고 상품도 좋아요 ㅎㅎ,5,2025.1.3
저렴하게 구입했습니다,5,2025.1.3
자주 구매하는 상품입니다!,5,2025.1.3
홈플 행사해서 너무 좋아요,5,2025.1.3
늘 먹고 있어요. 생으로도 맛 있어요,4,2025.1.3
돌고 돌아 신라면으로 국물맛보다는 면발,4,2025.1.3
,5,2025.1.3
좋아요좋아요좋아요좋아요,5,2025.1.3
행사에 주문합니다 조항요.,5,2025.1.3
,5,2025.1.3
잘받았습니다 감사합니다,4,2025.1.3
,5,2025.1.3
맛있게 잘 먹었습니다.,5,2025.1.3
매콤한게 먹고싶을때,5,2025.1.3
배송도빠르고 좋아요,5,2025.1.3
신라면이 제일 맛있어요~유통기한 넉넉하네요,5,2025.1.3
늘상먹는신라면쟁입니다,5,2025.1.3
맛있어서 자주 구매해요,5,2025.1.3
,5,2025.1.3
맛있는 신라면 가격대만 더 떨어지면 좋겠어요,4,2025.1.3
주말 우리집 비상식 입니다,5,2025.1.3
맛잇어요 재구매합니다,5,2025.1.3
농심 신라면 120G*5입,4,2025.1.3
신라면 제일 맛나네요,5,2025.1.3
말해 뭐해 우리나라 사람이면 모두 단골 아니겠어요 맛있어요,5,2025.1.3
홈플러스몰에서 편하게 구매했습니다~,5,2025.1.3
홈플러스몰에서 편하게 구매했습니다~,5,2025.1.3
"신랑의 최애 라면!!!
다른 라면은 거부하네요^^",5,2025.1.3
라면 싸게 잘 샀어요,5,2025.1.3
,5,2025.1.3
신라면 묶음할잍 받아 저렴하게 구매했고 매콤한게 맛있어요,5,2025.1.3
,5,2025.1.3
,5,2025.1.3
늘구매하는 상품입니다,5,2025.1.3
만족합니다 만족합니다,5,2025.1.3
라면 저럼하게 구입 했어요,5,2025.1.3
"여러 라면이 나오지만 
저는 역시나 라면은 신라면",5,2025.1.3
,5,2025.1.3
"라면은 신라면
좋아요 늘구매합니다",5,2025.1.3
저렴하게 잘 구매했어요,5,2025.1.3
품질좋고 상품도 만족합니다,5,2025.1.3
,5,2025.1.3
할인해서 저렴하게 샀어요,5,2025.1.3
가격도 좋고 맛있습니다~~,5,2025.1.3
자주 먹는 식품입니다,5,2025.1.3
맛있어요 맛있어요 맛있어요,5,2025.1.3
,5,2025.1.3
,5,2025.1.3
신속하게 배달되여 자주 사용합니다,5,2025.1.3
배송빠르게 잘 받았어요^^,5,2025.1.2
신라면 맛있어요. 추천해요.,5,2025.1.2
잘받았습니다 수고하세요,5,2025.1.2
만족합니다.재구매의사 있어요,5,2025.1.2
매번 구매하는 제품이예요,5,2025.1.2
항상 구매하는 제품이에요,4,2025.1.2
매콤하고 쫄깃하고 맛있어요,5,2025.1.2
여행가서 먹으려고 구입했는데 맛있어요!,5,2025.1.2
,5,2025.1.2
항상 좋아요..언제나 맛있어요,5,2025.1.2
라면행사는 놓칠 수 없죠,4,2025.1.2
상품에 만족합니다.,5,2025.1.2
아이들 방학이라 비상용으로 배송 받았네요 빠른 배송 감사합니다,5,2025.1.2
항상잘구매하는 제품입니다,5,2025.1.2
항상 시켜 먹는 제품이예요!! 만족해요~~,5,2025.1.2
다른 라면 도전했다가도 신라면으로 돌아오게 되네요,5,2025.1.2
즐겨 먹는 제품입니다,5,2025.1.2
라면라면신라면 겨울겨울신라면 맛있습니다,5,2025.1.2
항상 쟁여두는 상품 이에요,5,2025.1.2
라면은 역시 신라면이 최고에요,5,2025.1.2
잘받았어요 잘받았어요,4,2025.1.2
세일도 하고 신라면.진라면 맛있어요,4,2025.1.2
면중에 제일 좋아하는신라면,5,2025.1.2
맛있게 먹고 쟈주 구매하고 있어요,5,2025.1.2
저렴할 때 자주 구매합니다,5,2025.1.2
비상용으로 구입해 둠,5,2025.1.2
늘 구매하는 목록입니다,5,2025.1.2
맛있어요 맛있어요 맛있어요,5,2025.1.2
할인해서 쟁여놓았어요~~,5,2025.1.2
,5,2025.1.2
세일 자주 해주세요 신라면 짱,5,2025.1.2
잘받았구요 싸게잘산거같아요,5,2025.1.2
신라면은 저희집 필수품목이예요,5,2025.1.2
,5,2025.1.2
좋아요 ㅎㅎ 오늘 하루 잘 보내세요 ㅎㅎ,5,2025.1.2
"언제나 빠르고신선핫 홈플배송
행사도마니하고 제 카드값이 텅텅입니다.
신상도 온라인업데이트잘되고 넘좋아요
대신이벤트쿠폰적용 조건이 금액이크네요",5,2025.1.2
라면의 정석 신라면 쿠폰으로 저렴하게 샀네요,5,2025.1.2
"라면의 맛,신선도, 편리함, 가격,포장 배송 다 만족합니다 잘샀어요",5,2025.1.2
홈플에서 자주 애용하고 있어요,5,2025.1.2
"면발도 맛있고 국물도 맛있고, 신라면이 문안한 입맛에 잘 맞는 라면 같습니다 .편하게 잘 받았습니다",5,2025.1.2
좋아요 좋아요 좋아요,5,2025.1.2
,5,2025.1.2
좋아요 좋아요 좋아요,5,2025.1.2
좋아요 좋아요 좋아요,5,2025.1.2
저챰프지 ㅣ지ㅓ ㅏ재 ㅏㅊ,5,2025.1.2
할인행사해서 싸게 샀어요. 좋아요..,5,2025.1.2
라면은 항상 사놔요~,3,2025.1.2
3팩 할인행사로 저렴하게 구입했어요.,5,2025.1.2
,5,2025.1.2
주말에는 라면이 좋아요 맛있어요,5,2025.1.2
항상 맛있게 먹고있습니다,5,2025.1.2
좋아요 ㅎㅎ ㅎㅎ ㅎㅎ,5,2025.1.2
맛있어요맛있어요맛있어요맛있어요 맛있어요맛있어요맛있어요맛있어요,5,2025.1.2
,5,2025.1.2
잘받았습니다 좋아요,5,2025.1.2
제품도 좋고배송도정말좋아요,5,2025.1.2
착한 가격에 감사 드립니다.,5,2025.1.2
"연말세일 3번들 9,900원 행사... 맛이야 보장된 제품이니 쌀때 쟁여둡니다.",5,2025.1.2
아주좋아요아주좋아요,5,2025.1.2
라면은 신라면~~~~~,5,2025.1.2
역시 신라면만한 라면은 없는 듯! 예전과 맛이 조금 변했어도 여전히 맛있습니다:),5,2025.1.2
늘 사는 제품입니다,5,2025.1.2
맛있어요 맛있어요 ㅎㅎ,5,2025.1.2
ㅅㄴㅈㅅㄷㅅㄷㅈㅎㅈ,5,2025.1.2
기본 라면이예요. 외국에서도 찾는,5,2025.1.2
,5,2025.1.2
다음에 또 구입 하겠습니다,5,2025.1.2
행사해서 샀는데 덜 매운 건 기분탓?,3,2025.1.2
잘 받았네요.....,5,2025.1.2
저렴하게 구입했습니다,5,2025.1.1
자주 구매하는 라면입니다.,5,2025.1.1
채소 듬뿍 추가해서 더 맛있게 먹어요,4,2025.1.1
"배송해주셔서 감사합니다 
맛있어요",5,2025.1.1
간만에 먹었어요 역시 신라면 ㅎㅎ,5,2025.1.1
국물도 얼큰하고 좋아요,5,2025.1.1
빠른 배송 감사합니다,5,2025.1.1
면발도 쫄깃쫄깃 국물도 얼큰하고 좋아요,5,2025.1.1
빠른 배송 감사합니다,5,2025.1.1
저렴히 잘 구매했어요~~^^,5,2025.1.1
신라면 좋아요....,5,2025.1.1
"자주 구매해요, 맛있어요. 덕분에 편히 잘받았어요.",5,2025.1.1
안전하게 잘 도착했어요 저렴하게 잘 샀어요,5,2025.1.1
안전하게 잘 도착했어요 저렴하게 잘 샀어요,5,2025.1.1
배송도 포장도 제품도 만족합니다,5,2025.1.1
농심 신라면 무난합니다,5,2025.1.1
"질리지 않는 신라면입니다
스프와 섞어서 라면땅으로 먹기에도 신라면이
제일 맛있더라구요",5,2025.1.1
잘먹겠습니다 잘먹겠습니다 잘먹겠습니다 잘먹겠습니다,4,2025.1.1
"맛있어요
좋아요 
재구매 했어요",5,2025.1.1
좋은상품 배송까지 좋아요,5,2025.1.1
항상감사감사합니다..,5,2025.1.1
맛있어서 재구매했어요,5,2025.1.1
자주 구매하는 제품이에요~,5,2025.1.1
우리 집에는 비축 해 놓는 신라면,5,2025.1.1
매워도 맛있어요 덜매웠으면,5,2025.1.1
"12월 31일에 배송받았습니다. 라면 3팩 구매시 할인되어서 3팩 구매합니다.
유통기한: 2025년 6월 17일까지",5,2025.1.1
,5,2025.1.1
항상 맛있어요 ~~~~~~~,5,2025.1.1
요즘 날이 추워 라면쟁이는중 맛있음,5,2025.1.1
할인가에 저렴하게 구매,5,2025.1.1
감사합니다 감사합니다,5,2025.1.1
잘받았습니다 ㄱㄴㄷ,5,2025.1.1
좋아요 만족해요 맛있어요,5,2025.1.1
역시 신라면은 사랑이쥬,4,2025.1.1
배송이 빠르고 품질이 좋아요,5,2025.1.1
빠른 배송 감사합니다,4,2025.1.1
신라면 맛있어서 재구매했어요.저렴하게 잘 구매했어요.,5,2025.1.1
필수품이예요. 행사 자주해주세요,5,2025.1.1
너무너무좋아용 맛있어요,5,2025.1.1
조미로맛강하지만 쫄깃,4,2025.1.1
집에 필수인 라면 떨어지지 않네요,5,2025.1.1
늘구매합니다 좋아요,5,2025.1.1